chr	mean	median
chrX	0.661496587030637	0.607142857142857
